Year,Country,Max_Partners
1990,Albania,75
1991,Albania,75
1992,Albania,75
1993,Albania,75
1994,Albania,75
1995,Albania,75
1996,Albania,75
1997,Albania,72
1998,Albania,88
1999,Albania,94
2000,Albania,92
2001,Albania,99
2002,Albania,104
2003,Albania,120
2004,Albania,133
2005,Albania,137
2006,Albania,139
2007,Albania,149
2008,Albania,151
2009,Albania,156
2010,Albania,149
2011,Albania,154
2012,Albania,147
2013,Albania,152
2014,Albania,161
2015,Albania,160
2016,Albania,177
1990,Algeria,121
1991,Algeria,121
1992,Algeria,121
1993,Algeria,105
1994,Algeria,112
1995,Algeria,127
1996,Algeria,139
1997,Algeria,133
1998,Algeria,134
1999,Algeria,136
2000,Algeria,159
2001,Algeria,155
2002,Algeria,147
2003,Algeria,155
2004,Algeria,163
2005,Algeria,166
2006,Algeria,165
2007,Algeria,161
2008,Algeria,165
2009,Algeria,164
2010,Algeria,170
2011,Algeria,166
2012,Algeria,167
2013,Algeria,172
2014,Algeria,174
2015,Algeria,178
2016,Algeria,175
1990,Andorra,94
1991,Andorra,94
1992,Andorra,94
1993,Andorra,94
1994,Andorra,94
1995,Andorra,94
1996,Andorra,104
1997,Andorra,98
1998,Andorra,117
1999,Andorra,108
2000,Andorra,137
2001,Andorra,127
2002,Andorra,126
2003,Andorra,131
2004,Andorra,131
2005,Andorra,126
2006,Andorra,122
2007,Andorra,129
2008,Andorra,129
2009,Andorra,127
2010,Andorra,118
2011,Andorra,125
2012,Andorra,122
2013,Andorra,130
2014,Andorra,123
2015,Andorra,121
2016,Andorra,126
1990,Argentina,136
1991,Argentina,136
1992,Argentina,136
1993,Argentina,136
1994,Argentina,145
1995,Argentina,150
1996,Argentina,152
1997,Argentina,158
1998,Argentina,156
1999,Argentina,147
2000,Argentina,158
2001,Argentina,160
2002,Argentina,164
2003,Argentina,167
2004,Argentina,177
2005,Argentina,182
2006,Argentina,180
2007,Argentina,182
2008,Argentina,179
2009,Argentina,182
2010,Argentina,185
2011,Argentina,182
2012,Argentina,183
2013,Argentina,183
2014,Argentina,184
2015,Argentina,184
2016,Argentina,185
1990,Armenia,71
1991,Armenia,71
1992,Armenia,71
1993,Armenia,71
1994,Armenia,71
1995,Armenia,71
1996,Armenia,71
1997,Armenia,71
1998,Armenia,78
1999,Armenia,85
2000,Armenia,80
2001,Armenia,84
2002,Armenia,92
2003,Armenia,97
2004,Armenia,94
2005,Armenia,106
2006,Armenia,141
2007,Armenia,148
2008,Armenia,159
2009,Armenia,139
2010,Armenia,153
2011,Armenia,156
2012,Armenia,154
2013,Armenia,155
2014,Armenia,157
2015,Armenia,172
2016,Armenia,164
1990,Australia,176
1991,Australia,180
1992,Australia,188
1993,Australia,196
1994,Australia,205
1995,Australia,202
1996,Australia,196
1997,Australia,201
1998,Australia,203
1999,Australia,205
2000,Australia,219
2001,Australia,217
2002,Australia,215
2003,Australia,215
2004,Australia,217
2005,Australia,213
2006,Australia,215
2007,Australia,216
2008,Australia,218
2009,Australia,215
2010,Australia,215
2011,Australia,214
2012,Australia,213
2013,Australia,211
2014,Australia,215
2015,Australia,214
2016,Australia,217
1990,Austria,205
1991,Austria,205
1992,Austria,205
1993,Austria,205
1994,Austria,205
1995,Austria,197
1996,Austria,192
1997,Austria,198
1998,Austria,204
1999,Austria,205
2000,Austria,212
2001,Austria,212
2002,Austria,222
2003,Austria,225
2004,Austria,223
2005,Austria,216
2006,Austria,218
2007,Austria,224
2008,Austria,220
2009,Austria,220
2010,Austria,222
2011,Austria,222
2012,Austria,218
2013,Austria,217
2014,Austria,218
2015,Austria,221
2016,Austria,220
1990,Azerbaijan,74
1991,Azerbaijan,74
1992,Azerbaijan,74
1993,Azerbaijan,74
1994,Azerbaijan,74
1995,Azerbaijan,74
1996,Azerbaijan,74
1997,Azerbaijan,76
1998,Azerbaijan,92
1999,Azerbaijan,105
2000,Azerbaijan,113
2001,Azerbaijan,111
2002,Azerbaijan,109
2003,Azerbaijan,116
2004,Azerbaijan,110
2005,Azerbaijan,125
2006,Azerbaijan,130
2007,Azerbaijan,128
2008,Azerbaijan,131
2009,Azerbaijan,128
2010,Azerbaijan,129
2011,Azerbaijan,136
2012,Azerbaijan,142
2013,Azerbaijan,138
2014,Azerbaijan,135
2015,Azerbaijan,145
2016,Azerbaijan,171
1990,Bahamas,74
1991,Bahamas,74
1992,Bahamas,74
1993,Bahamas,74
1994,Bahamas,74
1995,Bahamas,74
1996,Bahamas,74
1997,Bahamas,74
1998,Bahamas,77
1999,Bahamas,76
2000,Bahamas,87
2001,Bahamas,81
2002,Bahamas,81
2003,Bahamas,91
2004,Bahamas,77
2005,Bahamas,80
2006,Bahamas,66
2007,Bahamas,69
2008,Bahamas,82
2009,Bahamas,72
2010,Bahamas,71
2011,Bahamas,95
2012,Bahamas,97
2013,Bahamas,92
2014,Bahamas,100
2015,Bahamas,103
2016,Bahamas,103
1990,Bangladesh,118
1991,Bangladesh,118
1992,Bangladesh,117
1993,Bangladesh,124
1994,Bangladesh,122
1995,Bangladesh,120
1996,Bangladesh,131
1997,Bangladesh,160
1998,Bangladesh,160
1999,Bangladesh,168
2000,Bangladesh,176
2001,Bangladesh,159
2002,Bangladesh,199
2003,Bangladesh,184
2004,Bangladesh,188
2005,Bangladesh,193
2006,Bangladesh,202
2007,Bangladesh,203
2008,Bangladesh,196
2009,Bangladesh,186
2010,Bangladesh,186
2011,Bangladesh,188
2012,Bangladesh,192
2013,Bangladesh,190
2014,Bangladesh,196
2015,Bangladesh,202
2016,Bangladesh,202
1990,Barbados,119
1991,Barbados,119
1992,Barbados,119
1993,Barbados,119
1994,Barbados,119
1995,Barbados,119
1996,Barbados,119
1997,Barbados,119
1998,Barbados,126
1999,Barbados,131
2000,Barbados,161
2001,Barbados,161
2002,Barbados,155
2003,Barbados,171
2004,Barbados,168
2005,Barbados,170
2006,Barbados,170
2007,Barbados,161
2008,Barbados,165
2009,Barbados,164
2010,Barbados,162
2011,Barbados,170
2012,Barbados,164
2013,Barbados,175
2014,Barbados,177
2015,Barbados,174
2016,Barbados,175
1990,Belarus,133
1991,Belarus,133
1992,Belarus,133
1993,Belarus,133
1994,Belarus,133
1995,Belarus,133
1996,Belarus,133
1997,Belarus,133
1998,Belarus,133
1999,Belarus,125
2000,Belarus,141
2001,Belarus,139
2002,Belarus,148
2003,Belarus,139
2004,Belarus,146
2005,Belarus,157
2006,Belarus,155
2007,Belarus,158
2008,Belarus,163
2009,Belarus,166
2010,Belarus,169
2011,Belarus,182
2012,Belarus,175
2013,Belarus,178
2014,Belarus,158
2015,Belarus,175
2016,Belarus,178
1990,Belgium,209
1991,Belgium,209
1992,Belgium,209
1993,Belgium,209
1994,Belgium,209
1995,Belgium,209
1996,Belgium,209
1997,Belgium,209
1998,Belgium,209
1999,Belgium,209
2000,Belgium,212
2001,Belgium,219
2002,Belgium,220
2003,Belgium,218
2004,Belgium,221
2005,Belgium,220
2006,Belgium,224
2007,Belgium,231
2008,Belgium,228
2009,Belgium,228
2010,Belgium,224
2011,Belgium,226
2012,Belgium,228
2013,Belgium,232
2014,Belgium,230
2015,Belgium,227
2016,Belgium,227
1990,Belize,83
1991,Belize,83
1992,Belize,83
1993,Belize,78
1994,Belize,75
1995,Belize,72
1996,Belize,72
1997,Belize,64
1998,Belize,72
1999,Belize,103
2000,Belize,86
2001,Belize,108
2002,Belize,115
2003,Belize,105
2004,Belize,100
2005,Belize,99
2006,Belize,94
2007,Belize,101
2008,Belize,112
2009,Belize,115
2010,Belize,88
2011,Belize,110
2012,Belize,113
2013,Belize,111
2014,Belize,119
2015,Belize,117
2016,Belize,111
1990,Benin,121
1991,Benin,121
1992,Benin,121
1993,Benin,121
1994,Benin,121
1995,Benin,121
1996,Benin,121
1997,Benin,121
1998,Benin,121
1999,Benin,125
2000,Benin,130
2001,Benin,135
2002,Benin,121
2003,Benin,129
2004,Benin,131
2005,Benin,122
2006,Benin,132
2007,Benin,137
2008,Benin,149
2009,Benin,130
2010,Benin,143
2011,Benin,138
2012,Benin,158
2013,Benin,167
2014,Benin,163
2015,Benin,152
2016,Benin,154
1990,"Bolivia, Plurinational State of",105
1991,"Bolivia, Plurinational State of",105
1992,"Bolivia, Plurinational State of",105
1993,"Bolivia, Plurinational State of",123
1994,"Bolivia, Plurinational State of",104
1995,"Bolivia, Plurinational State of",117
1996,"Bolivia, Plurinational State of",110
1997,"Bolivia, Plurinational State of",110
1998,"Bolivia, Plurinational State of",121
1999,"Bolivia, Plurinational State of",118
2000,"Bolivia, Plurinational State of",108
2001,"Bolivia, Plurinational State of",107
2002,"Bolivia, Plurinational State of",127
2003,"Bolivia, Plurinational State of",114
2004,"Bolivia, Plurinational State of",150
2005,"Bolivia, Plurinational State of",157
2006,"Bolivia, Plurinational State of",161
2007,"Bolivia, Plurinational State of",159
2008,"Bolivia, Plurinational State of",168
2009,"Bolivia, Plurinational State of",166
2010,"Bolivia, Plurinational State of",179
2011,"Bolivia, Plurinational State of",178
2012,"Bolivia, Plurinational State of",181
2013,"Bolivia, Plurinational State of",181
2014,"Bolivia, Plurinational State of",183
2015,"Bolivia, Plurinational State of",189
2016,"Bolivia, Plurinational State of",111
1990,Brazil,171
1991,Brazil,170
1992,Brazil,165
1993,Brazil,173
1994,Brazil,186
1995,Brazil,186
1996,Brazil,184
1997,Brazil,175
1998,Brazil,176
1999,Brazil,179
2000,Brazil,198
2001,Brazil,206
2002,Brazil,207
2003,Brazil,209
2004,Brazil,210
2005,Brazil,212
2006,Brazil,215
2007,Brazil,215
2008,Brazil,211
2009,Brazil,211
2010,Brazil,211
2011,Brazil,213
2012,Brazil,216
2013,Brazil,214
2014,Brazil,208
2015,Brazil,216
2016,Brazil,220
1990,Brunei Darussalam,104
1991,Brunei Darussalam,104
1992,Brunei Darussalam,104
1993,Brunei Darussalam,86
1994,Brunei Darussalam,102
1995,Brunei Darussalam,96
1996,Brunei Darussalam,90
1997,Brunei Darussalam,84
1998,Brunei Darussalam,86
1999,Brunei Darussalam,87
2000,Brunei Darussalam,89
2001,Brunei Darussalam,90
2002,Brunei Darussalam,90
2003,Brunei Darussalam,86
2004,Brunei Darussalam,108
2005,Brunei Darussalam,109
2006,Brunei Darussalam,110
2007,Brunei Darussalam,108
2008,Brunei Darussalam,98
2009,Brunei Darussalam,126
2010,Brunei Darussalam,128
2011,Brunei Darussalam,122
2012,Brunei Darussalam,120
2013,Brunei Darussalam,119
2014,Brunei Darussalam,116
2015,Brunei Darussalam,120
2016,Brunei Darussalam,131
1990,Bulgaria,151
1991,Bulgaria,151
1992,Bulgaria,151
1993,Bulgaria,151
1994,Bulgaria,151
1995,Bulgaria,151
1996,Bulgaria,151
1997,Bulgaria,154
1998,Bulgaria,156
1999,Bulgaria,161
2000,Bulgaria,185
2001,Bulgaria,184
2002,Bulgaria,191
2003,Bulgaria,175
2004,Bulgaria,182
2005,Bulgaria,184
2006,Bulgaria,187
2007,Bulgaria,207
2008,Bulgaria,213
2009,Bulgaria,219
2010,Bulgaria,194
2011,Bulgaria,197
2012,Bulgaria,198
2013,Bulgaria,201
2014,Bulgaria,201
2015,Bulgaria,207
2016,Bulgaria,200
1990,Burkina Faso,108
1991,Burkina Faso,108
1992,Burkina Faso,108
1993,Burkina Faso,108
1994,Burkina Faso,108
1995,Burkina Faso,108
1996,Burkina Faso,97
1997,Burkina Faso,108
1998,Burkina Faso,134
1999,Burkina Faso,131
2000,Burkina Faso,125
2001,Burkina Faso,111
2002,Burkina Faso,109
2003,Burkina Faso,97
2004,Burkina Faso,111
2005,Burkina Faso,111
2006,Burkina Faso,120
2007,Burkina Faso,128
2008,Burkina Faso,135
2009,Burkina Faso,140
2010,Burkina Faso,135
2011,Burkina Faso,141
2012,Burkina Faso,123
2013,Burkina Faso,124
2014,Burkina Faso,136
2015,Burkina Faso,144
2016,Burkina Faso,148
1990,Burundi,82
1991,Burundi,82
1992,Burundi,82
1993,Burundi,82
1994,Burundi,67
1995,Burundi,73
1996,Burundi,72
1997,Burundi,69
1998,Burundi,71
1999,Burundi,78
2000,Burundi,88
2001,Burundi,99
2002,Burundi,77
2003,Burundi,63
2004,Burundi,78
2005,Burundi,95
2006,Burundi,107
2007,Burundi,95
2008,Burundi,89
2009,Burundi,92
2010,Burundi,112
2011,Burundi,114
2012,Burundi,125
2013,Burundi,114
2014,Burundi,117
2015,Burundi,111
2016,Burundi,111
1990,Cabo Verde,85
1991,Cabo Verde,85
1992,Cabo Verde,85
1993,Cabo Verde,85
1994,Cabo Verde,85
1995,Cabo Verde,85
1996,Cabo Verde,85
1997,Cabo Verde,85
1998,Cabo Verde,79
1999,Cabo Verde,97
2000,Cabo Verde,104
2001,Cabo Verde,83
2002,Cabo Verde,86
2003,Cabo Verde,95
2004,Cabo Verde,90
2005,Cabo Verde,95
2006,Cabo Verde,94
2007,Cabo Verde,98
2008,Cabo Verde,98
2009,Cabo Verde,102
2010,Cabo Verde,100
2011,Cabo Verde,103
2012,Cabo Verde,107
2013,Cabo Verde,100
2014,Cabo Verde,101
2015,Cabo Verde,113
2016,Cabo Verde,113
1990,Cameroon,111
1991,Cameroon,111
1992,Cameroon,111
1993,Cameroon,111
1994,Cameroon,111
1995,Cameroon,111
1996,Cameroon,104
1997,Cameroon,114
1998,Cameroon,122
1999,Cameroon,104
2000,Cameroon,125
2001,Cameroon,132
2002,Cameroon,133
2003,Cameroon,127
2004,Cameroon,132
2005,Cameroon,134
2006,Cameroon,136
2007,Cameroon,154
2008,Cameroon,152
2009,Cameroon,160
2010,Cameroon,160
2011,Cameroon,159
2012,Cameroon,163
2013,Cameroon,163
2014,Cameroon,167
2015,Cameroon,171
2016,Cameroon,183
1990,Canada,179
1991,Canada,174
1992,Canada,177
1993,Canada,193
1994,Canada,192
1995,Canada,200
1996,Canada,199
1997,Canada,200
1998,Canada,200
1999,Canada,201
2000,Canada,210
2001,Canada,218
2002,Canada,218
2003,Canada,218
2004,Canada,218
2005,Canada,219
2006,Canada,218
2007,Canada,221
2008,Canada,220
2009,Canada,220
2010,Canada,219
2011,Canada,219
2012,Canada,220
2013,Canada,221
2014,Canada,223
2015,Canada,223
2016,Canada,223
1990,Central African Republic,64
1991,Central African Republic,64
1992,Central African Republic,64
1993,Central African Republic,64
1994,Central African Republic,64
1995,Central African Republic,69
1996,Central African Republic,63
1997,Central African Republic,55
1998,Central African Republic,49
1999,Central African Republic,57
2000,Central African Republic,57
2001,Central African Republic,59
2002,Central African Republic,61
2003,Central African Republic,70
2004,Central African Republic,69
2005,Central African Republic,66
2006,Central African Republic,43
2007,Central African Republic,75
2008,Central African Republic,78
2009,Central African Republic,84
2010,Central African Republic,84
2011,Central African Republic,89
2012,Central African Republic,86
2013,Central African Republic,75
2014,Central African Republic,82
2015,Central African Republic,87
2016,Central African Republic,96
1990,Chile,119
1991,Chile,133
1992,Chile,130
1993,Chile,126
1994,Chile,125
1995,Chile,139
1996,Chile,142
1997,Chile,143
1998,Chile,146
1999,Chile,158
2000,Chile,162
2001,Chile,161
2002,Chile,144
2003,Chile,155
2004,Chile,164
2005,Chile,171
2006,Chile,169
2007,Chile,176
2008,Chile,171
2009,Chile,176
2010,Chile,184
2011,Chile,181
2012,Chile,180
2013,Chile,181
2014,Chile,177
2015,Chile,178
2016,Chile,183
1990,China,196
1991,China,196
1992,China,196
1993,China,201
1994,China,201
1995,China,201
1996,China,197
1997,China,199
1998,China,199
1999,China,200
2000,China,204
2001,China,205
2002,China,205
2003,China,208
2004,China,209
2005,China,209
2006,China,208
2007,China,213
2008,China,212
2009,China,212
2010,China,212
2011,China,213
2012,China,214
2013,China,214
2014,China,213
2015,China,213
2016,China,213
1990,Colombia,142
1991,Colombia,142
1992,Colombia,143
1993,Colombia,171
1994,Colombia,164
1995,Colombia,165
1996,Colombia,162
1997,Colombia,169
1998,Colombia,166
1999,Colombia,160
2000,Colombia,190
2001,Colombia,184
2002,Colombia,181
2003,Colombia,178
2004,Colombia,175
2005,Colombia,186
2006,Colombia,188
2007,Colombia,190
2008,Colombia,198
2009,Colombia,193
2010,Colombia,191
2011,Colombia,190
2012,Colombia,197
2013,Colombia,201
2014,Colombia,199
2015,Colombia,193
2016,Colombia,201
1990,Comoros,54
1991,Comoros,54
1992,Comoros,54
1993,Comoros,54
1994,Comoros,54
1995,Comoros,54
1996,Comoros,59
1997,Comoros,46
1998,Comoros,45
1999,Comoros,46
2000,Comoros,53
2001,Comoros,58
2002,Comoros,48
2003,Comoros,57
2004,Comoros,67
2005,Comoros,72
2006,Comoros,67
2007,Comoros,62
2008,Comoros,75
2009,Comoros,73
2010,Comoros,77
2011,Comoros,75
2012,Comoros,78
2013,Comoros,66
2014,Comoros,66
2015,Comoros,66
2016,Comoros,66
1990,Costa Rica,112
1991,Costa Rica,112
1992,Costa Rica,112
1993,Costa Rica,112
1994,Costa Rica,112
1995,Costa Rica,150
1996,Costa Rica,126
1997,Costa Rica,113
1998,Costa Rica,124
1999,Costa Rica,132
2000,Costa Rica,152
2001,Costa Rica,145
2002,Costa Rica,139
2003,Costa Rica,151
2004,Costa Rica,166
2005,Costa Rica,162
2006,Costa Rica,183
2007,Costa Rica,178
2008,Costa Rica,190
2009,Costa Rica,191
2010,Costa Rica,187
2011,Costa Rica,189
2012,Costa Rica,192
2013,Costa Rica,202
2014,Costa Rica,195
2015,Costa Rica,197
2016,Costa Rica,201
1990,Croatia,136
1991,Croatia,136
1992,Croatia,136
1993,Croatia,162
1994,Croatia,157
1995,Croatia,154
1996,Croatia,154
1997,Croatia,156
1998,Croatia,151
1999,Croatia,145
2000,Croatia,176
2001,Croatia,192
2002,Croatia,196
2003,Croatia,202
2004,Croatia,208
2005,Croatia,206
2006,Croatia,204
2007,Croatia,207
2008,Croatia,220
2009,Croatia,205
2010,Croatia,210
2011,Croatia,212
2012,Croatia,219
2013,Croatia,184
2014,Croatia,182
2015,Croatia,183
2016,Croatia,179
1990,Cyprus,119
1991,Cyprus,117
1992,Cyprus,126
1993,Cyprus,138
1994,Cyprus,143
1995,Cyprus,145
1996,Cyprus,144
1997,Cyprus,147
1998,Cyprus,150
1999,Cyprus,152
2000,Cyprus,165
2001,Cyprus,166
2002,Cyprus,168
2003,Cyprus,161
2004,Cyprus,170
2005,Cyprus,167
2006,Cyprus,167
2007,Cyprus,175
2008,Cyprus,164
2009,Cyprus,173
2010,Cyprus,177
2011,Cyprus,184
2012,Cyprus,179
2013,Cyprus,184
2014,Cyprus,187
2015,Cyprus,191
2016,Cyprus,193
1990,Czechia,199
1991,Czechia,199
1992,Czechia,199
1993,Czechia,199
1994,Czechia,196
1995,Czechia,198
1996,Czechia,185
1997,Czechia,183
1998,Czechia,187
1999,Czechia,185
2000,Czechia,213
2001,Czechia,210
2002,Czechia,209
2003,Czechia,210
2004,Czechia,222
2005,Czechia,221
2006,Czechia,224
2007,Czechia,226
2008,Czechia,225
2009,Czechia,227
2010,Czechia,225
2011,Czechia,230
2012,Czechia,226
2013,Czechia,231
2014,Czechia,232
2015,Czechia,230
2016,Czechia,226
1990,Côte d'Ivoire,127
1991,Côte d'Ivoire,127
1992,Côte d'Ivoire,127
1993,Côte d'Ivoire,127
1994,Côte d'Ivoire,127
1995,Côte d'Ivoire,127
1996,Côte d'Ivoire,127
1997,Côte d'Ivoire,130
1998,Côte d'Ivoire,139
1999,Côte d'Ivoire,134
2000,Côte d'Ivoire,138
2001,Côte d'Ivoire,144
2002,Côte d'Ivoire,140
2003,Côte d'Ivoire,136
2004,Côte d'Ivoire,149
2005,Côte d'Ivoire,158
2006,Côte d'Ivoire,159
2007,Côte d'Ivoire,165
2008,Côte d'Ivoire,172
2009,Côte d'Ivoire,169
2010,Côte d'Ivoire,165
2011,Côte d'Ivoire,154
2012,Côte d'Ivoire,174
2013,Côte d'Ivoire,172
2014,Côte d'Ivoire,173
2015,Côte d'Ivoire,182
2016,Côte d'Ivoire,183
1990,Denmark,183
1991,Denmark,187
1992,Denmark,203
1993,Denmark,205
1994,Denmark,206
1995,Denmark,206
1996,Denmark,203
1997,Denmark,204
1998,Denmark,205
1999,Denmark,204
2000,Denmark,209
2001,Denmark,224
2002,Denmark,225
2003,Denmark,224
2004,Denmark,225
2005,Denmark,225
2006,Denmark,225
2007,Denmark,221
2008,Denmark,223
2009,Denmark,222
2010,Denmark,224
2011,Denmark,218
2012,Denmark,220
2013,Denmark,227
2014,Denmark,223
2015,Denmark,224
2016,Denmark,224
1990,Dominica,79
1991,Dominica,79
1992,Dominica,79
1993,Dominica,79
1994,Dominica,81
1995,Dominica,89
1996,Dominica,85
1997,Dominica,78
1998,Dominica,85
1999,Dominica,92
2000,Dominica,104
2001,Dominica,96
2002,Dominica,92
2003,Dominica,96
2004,Dominica,96
2005,Dominica,98
2006,Dominica,97
2007,Dominica,104
2008,Dominica,95
2009,Dominica,95
2010,Dominica,95
2011,Dominica,94
2012,Dominica,92
2013,Dominica,92
2014,Dominica,92
2015,Dominica,92
2016,Dominica,92
1990,Ecuador,93
1991,Ecuador,93
1992,Ecuador,89
1993,Ecuador,94
1994,Ecuador,104
1995,Ecuador,109
1996,Ecuador,128
1997,Ecuador,125
1998,Ecuador,143
1999,Ecuador,125
2000,Ecuador,139
2001,Ecuador,139
2002,Ecuador,142
2003,Ecuador,142
2004,Ecuador,146
2005,Ecuador,138
2006,Ecuador,142
2007,Ecuador,153
2008,Ecuador,149
2009,Ecuador,151
2010,Ecuador,148
2011,Ecuador,184
2012,Ecuador,155
2013,Ecuador,203
2014,Ecuador,191
2015,Ecuador,192
2016,Ecuador,183
1990,Egypt,145
1991,Egypt,145
1992,Egypt,145
1993,Egypt,145
1994,Egypt,145
1995,Egypt,145
1996,Egypt,146
1997,Egypt,154
1998,Egypt,154
1999,Egypt,151
2000,Egypt,156
2001,Egypt,158
2002,Egypt,160
2003,Egypt,165
2004,Egypt,170
2005,Egypt,167
2006,Egypt,164
2007,Egypt,171
2008,Egypt,171
2009,Egypt,177
2010,Egypt,177
2011,Egypt,173
2012,Egypt,172
2013,Egypt,177
2014,Egypt,174
2015,Egypt,174
2016,Egypt,175
1990,El Salvador,79
1991,El Salvador,79
1992,El Salvador,79
1993,El Salvador,79
1994,El Salvador,79
1995,El Salvador,82
1996,El Salvador,96
1997,El Salvador,98
1998,El Salvador,109
1999,El Salvador,113
2000,El Salvador,121
2001,El Salvador,109
2002,El Salvador,106
2003,El Salvador,111
2004,El Salvador,104
2005,El Salvador,121
2006,El Salvador,135
2007,El Salvador,129
2008,El Salvador,135
2009,El Salvador,137
2010,El Salvador,176
2011,El Salvador,166
2012,El Salvador,171
2013,El Salvador,180
2014,El Salvador,171
2015,El Salvador,175
2016,El Salvador,173
1990,Estonia,137
1991,Estonia,137
1992,Estonia,137
1993,Estonia,137
1994,Estonia,137
1995,Estonia,137
1996,Estonia,146
1997,Estonia,148
1998,Estonia,150
1999,Estonia,157
2000,Estonia,177
2001,Estonia,175
2002,Estonia,169
2003,Estonia,172
2004,Estonia,189
2005,Estonia,203
2006,Estonia,200
2007,Estonia,189
2008,Estonia,174
2009,Estonia,164
2010,Estonia,175
2011,Estonia,175
2012,Estonia,176
2013,Estonia,179
2014,Estonia,171
2015,Estonia,183
2016,Estonia,182
1990,Ethiopia,97
1991,Ethiopia,97
1992,Ethiopia,97
1993,Ethiopia,97
1994,Ethiopia,97
1995,Ethiopia,97
1996,Ethiopia,117
1997,Ethiopia,137
1998,Ethiopia,137
1999,Ethiopia,142
2000,Ethiopia,152
2001,Ethiopia,140
2002,Ethiopia,157
2003,Ethiopia,173
2004,Ethiopia,176
2005,Ethiopia,169
2006,Ethiopia,167
2007,Ethiopia,169
2008,Ethiopia,159
2009,Ethiopia,161
2010,Ethiopia,159
2011,Ethiopia,169
2012,Ethiopia,164
2013,Ethiopia,166
2014,Ethiopia,168
2015,Ethiopia,161
2016,Ethiopia,162
1990,Finland,169
1991,Finland,167
1992,Finland,179
1993,Finland,186
1994,Finland,189
1995,Finland,192
1996,Finland,191
1997,Finland,190
1998,Finland,193
1999,Finland,196
2000,Finland,208
2001,Finland,212
2002,Finland,215
2003,Finland,207
2004,Finland,208
2005,Finland,203
2006,Finland,208
2007,Finland,212
2008,Finland,211
2009,Finland,218
2010,Finland,208
2011,Finland,210
2012,Finland,213
2013,Finland,209
2014,Finland,216
2015,Finland,216
2016,Finland,217
1990,France,207
1991,France,207
1992,France,207
1993,France,207
1994,France,207
1995,France,209
1996,France,208
1997,France,208
1998,France,206
1999,France,209
2000,France,214
2001,France,226
2002,France,223
2003,France,227
2004,France,227
2005,France,223
2006,France,226
2007,France,231
2008,France,230
2009,France,231
2010,France,230
2011,France,230
2012,France,229
2013,France,235
2014,France,234
2015,France,234
2016,France,233
1990,French Polynesia,129
1991,French Polynesia,129
1992,French Polynesia,129
1993,French Polynesia,129
1994,French Polynesia,129
1995,French Polynesia,129
1996,French Polynesia,129
1997,French Polynesia,127
1998,French Polynesia,126
1999,French Polynesia,126
2000,French Polynesia,149
2001,French Polynesia,143
2002,French Polynesia,150
2003,French Polynesia,149
2004,French Polynesia,153
2005,French Polynesia,153
2006,French Polynesia,159
2007,French Polynesia,162
2008,French Polynesia,158
2009,French Polynesia,154
2010,French Polynesia,147
2011,French Polynesia,156
2012,French Polynesia,157
2013,French Polynesia,158
2014,French Polynesia,160
2015,French Polynesia,162
2016,French Polynesia,162
1990,Gambia,73
1991,Gambia,73
1992,Gambia,73
1993,Gambia,73
1994,Gambia,73
1995,Gambia,73
1996,Gambia,75
1997,Gambia,81
1998,Gambia,77
1999,Gambia,70
2000,Gambia,88
2001,Gambia,105
2002,Gambia,62
2003,Gambia,62
2004,Gambia,72
2005,Gambia,78
2006,Gambia,65
2007,Gambia,66
2008,Gambia,69
2009,Gambia,68
2010,Gambia,111
2011,Gambia,120
2012,Gambia,125
2013,Gambia,129
2014,Gambia,117
2015,Gambia,116
2016,Gambia,113
1990,Georgia,75
1991,Georgia,75
1992,Georgia,75
1993,Georgia,75
1994,Georgia,75
1995,Georgia,75
1996,Georgia,75
1997,Georgia,89
1998,Georgia,98
1999,Georgia,94
2000,Georgia,92
2001,Georgia,103
2002,Georgia,110
2003,Georgia,110
2004,Georgia,116
2005,Georgia,117
2006,Georgia,116
2007,Georgia,113
2008,Georgia,122
2009,Georgia,118
2010,Georgia,126
2011,Georgia,132
2012,Georgia,125
2013,Georgia,120
2014,Georgia,130
2015,Georgia,125
2016,Georgia,119
1990,Germany,188
1991,Germany,187
1992,Germany,207
1993,Germany,209
1994,Germany,211
1995,Germany,212
1996,Germany,209
1997,Germany,210
1998,Germany,210
1999,Germany,212
2000,Germany,216
2001,Germany,227
2002,Germany,229
2003,Germany,229
2004,Germany,229
2005,Germany,229
2006,Germany,229
2007,Germany,231
2008,Germany,231
2009,Germany,231
2010,Germany,229
2011,Germany,224
2012,Germany,226
2013,Germany,231
2014,Germany,230
2015,Germany,230
2016,Germany,233
1990,Ghana,158
1991,Ghana,158
1992,Ghana,158
1993,Ghana,158
1994,Ghana,158
1995,Ghana,158
1996,Ghana,158
1997,Ghana,162
1998,Ghana,155
1999,Ghana,162
2000,Ghana,150
2001,Ghana,151
2002,Ghana,152
2003,Ghana,179
2004,Ghana,171
2005,Ghana,155
2006,Ghana,161
2007,Ghana,165
2008,Ghana,165
2009,Ghana,161
2010,Ghana,153
2011,Ghana,171
2012,Ghana,167
2013,Ghana,171
2014,Ghana,176
2015,Ghana,180
2016,Ghana,185
1990,Greece,157
1991,Greece,164
1992,Greece,171
1993,Greece,187
1994,Greece,191
1995,Greece,190
1996,Greece,192
1997,Greece,192
1998,Greece,197
1999,Greece,200
2000,Greece,204
2001,Greece,205
2002,Greece,200
2003,Greece,197
2004,Greece,198
2005,Greece,201
2006,Greece,202
2007,Greece,200
2008,Greece,201
2009,Greece,201
2010,Greece,203
2011,Greece,201
2012,Greece,195
2013,Greece,200
2014,Greece,208
2015,Greece,215
2016,Greece,219
1990,Greenland,93
1991,Greenland,93
1992,Greenland,93
1993,Greenland,93
1994,Greenland,93
1995,Greenland,91
1996,Greenland,97
1997,Greenland,93
1998,Greenland,96
1999,Greenland,101
2000,Greenland,27
2001,Greenland,23
2002,Greenland,30
2003,Greenland,129
2004,Greenland,34
2005,Greenland,23
2006,Greenland,132
2007,Greenland,83
2008,Greenland,124
2009,Greenland,132
2010,Greenland,131
2011,Greenland,129
2012,Greenland,125
2013,Greenland,124
2014,Greenland,123
2015,Greenland,126
2016,Greenland,134
1990,Guatemala,89
1991,Guatemala,89
1992,Guatemala,89
1993,Guatemala,89
1994,Guatemala,95
1995,Guatemala,101
1996,Guatemala,102
1997,Guatemala,100
1998,Guatemala,102
1999,Guatemala,109
2000,Guatemala,120
2001,Guatemala,132
2002,Guatemala,137
2003,Guatemala,130
2004,Guatemala,138
2005,Guatemala,178
2006,Guatemala,127
2007,Guatemala,134
2008,Guatemala,128
2009,Guatemala,186
2010,Guatemala,142
2011,Guatemala,144
2012,Guatemala,146
2013,Guatemala,143
2014,Guatemala,143
2015,Guatemala,143
2016,Guatemala,143
1990,Guyana,84
1991,Guyana,84
1992,Guyana,93
1993,Guyana,92
1994,Guyana,92
1995,Guyana,91
1996,Guyana,91
1997,Guyana,90
1998,Guyana,90
1999,Guyana,95
2000,Guyana,122
2001,Guyana,115
2002,Guyana,121
2003,Guyana,124
2004,Guyana,127
2005,Guyana,117
2006,Guyana,107
2007,Guyana,128
2008,Guyana,117
2009,Guyana,118
2010,Guyana,139
2011,Guyana,132
2012,Guyana,168
2013,Guyana,137
2014,Guyana,125
2015,Guyana,130
2016,Guyana,141
1990,Honduras,101
1991,Honduras,101
1992,Honduras,101
1993,Honduras,101
1994,Honduras,101
1995,Honduras,102
1996,Honduras,94
1997,Honduras,97
1998,Honduras,94
1999,Honduras,93
2000,Honduras,103
2001,Honduras,146
2002,Honduras,163
2003,Honduras,150
2004,Honduras,148
2005,Honduras,140
2006,Honduras,118
2007,Honduras,141
2008,Honduras,131
2009,Honduras,121
2010,Honduras,126
2011,Honduras,135
2012,Honduras,134
2013,Honduras,135
2014,Honduras,135
2015,Honduras,136
2016,Honduras,134
1990,Hong Kong,174
1991,Hong Kong,174
1992,Hong Kong,174
1993,Hong Kong,174
1994,Hong Kong,172
1995,Hong Kong,172
1996,Hong Kong,177
1997,Hong Kong,179
1998,Hong Kong,178
1999,Hong Kong,179
2000,Hong Kong,183
2001,Hong Kong,182
2002,Hong Kong,189
2003,Hong Kong,193
2004,Hong Kong,193
2005,Hong Kong,194
2006,Hong Kong,192
2007,Hong Kong,194
2008,Hong Kong,194
2009,Hong Kong,195
2010,Hong Kong,195
2011,Hong Kong,194
2012,Hong Kong,196
2013,Hong Kong,196
2014,Hong Kong,196
2015,Hong Kong,195
2016,Hong Kong,196
1990,Hungary,153
1991,Hungary,153
1992,Hungary,153
1993,Hungary,165
1994,Hungary,168
1995,Hungary,174
1996,Hungary,168
1997,Hungary,165
1998,Hungary,167
1999,Hungary,176
2000,Hungary,179
2001,Hungary,184
2002,Hungary,183
2003,Hungary,182
2004,Hungary,185
2005,Hungary,187
2006,Hungary,194
2007,Hungary,196
2008,Hungary,193
2009,Hungary,191
2010,Hungary,192
2011,Hungary,193
2012,Hungary,192
2013,Hungary,195
2014,Hungary,205
2015,Hungary,207
2016,Hungary,206
1990,Iceland,101
1991,Iceland,94
1992,Iceland,102
1993,Iceland,105
1994,Iceland,114
1995,Iceland,114
1996,Iceland,117
1997,Iceland,122
1998,Iceland,124
1999,Iceland,129
2000,Iceland,123
2001,Iceland,125
2002,Iceland,123
2003,Iceland,124
2004,Iceland,123
2005,Iceland,133
2006,Iceland,136
2007,Iceland,134
2008,Iceland,136
2009,Iceland,127
2010,Iceland,131
2011,Iceland,142
2012,Iceland,139
2013,Iceland,136
2014,Iceland,140
2015,Iceland,148
2016,Iceland,163
1990,India,173
1991,India,173
1992,India,187
1993,India,201
1994,India,203
1995,India,203
1996,India,203
1997,India,206
1998,India,205
1999,India,206
2000,India,212
2001,India,212
2002,India,213
2003,India,217
2004,India,222
2005,India,223
2006,India,221
2007,India,221
2008,India,222
2009,India,222
2010,India,223
2011,India,220
2012,India,221
2013,India,221
2014,India,222
2015,India,220
2016,India,219
1990,Indonesia,117
1991,Indonesia,122
1992,Indonesia,122
1993,Indonesia,120
1994,Indonesia,123
1995,Indonesia,123
1996,Indonesia,123
1997,Indonesia,203
1998,Indonesia,208
1999,Indonesia,212
2000,Indonesia,223
2001,Indonesia,221
2002,Indonesia,220
2003,Indonesia,219
2004,Indonesia,220
2005,Indonesia,215
2006,Indonesia,216
2007,Indonesia,218
2008,Indonesia,213
2009,Indonesia,215
2010,Indonesia,217
2011,Indonesia,217
2012,Indonesia,218
2013,Indonesia,218
2014,Indonesia,217
2015,Indonesia,215
2016,Indonesia,220
1990,Ireland,187
1991,Ireland,187
1992,Ireland,187
1993,Ireland,203
1994,Ireland,200
1995,Ireland,203
1996,Ireland,199
1997,Ireland,198
1998,Ireland,198
1999,Ireland,201
2000,Ireland,202
2001,Ireland,211
2002,Ireland,207
2003,Ireland,207
2004,Ireland,215
2005,Ireland,215
2006,Ireland,213
2007,Ireland,222
2008,Ireland,219
2009,Ireland,216
2010,Ireland,221
2011,Ireland,221
2012,Ireland,224
2013,Ireland,227
2014,Ireland,220
2015,Ireland,224
2016,Ireland,222
1990,Israel,144
1991,Israel,144
1992,Israel,144
1993,Israel,144
1994,Israel,144
1995,Israel,144
1996,Israel,149
1997,Israel,161
1998,Israel,157
1999,Israel,159
2000,Israel,162
2001,Israel,169
2002,Israel,172
2003,Israel,179
2004,Israel,183
2005,Israel,184
2006,Israel,188
2007,Israel,191
2008,Israel,195
2009,Israel,202
2010,Israel,200
2011,Israel,204
2012,Israel,204
2013,Israel,201
2014,Israel,187
2015,Israel,189
2016,Israel,190
1990,Italy,212
1991,Italy,212
1992,Italy,212
1993,Italy,212
1994,Italy,212
1995,Italy,212
1996,Italy,210
1997,Italy,210
1998,Italy,209
1999,Italy,212
2000,Italy,215
2001,Italy,216
2002,Italy,225
2003,Italy,224
2004,Italy,223
2005,Italy,225
2006,Italy,227
2007,Italy,223
2008,Italy,222
2009,Italy,222
2010,Italy,224
2011,Italy,226
2012,Italy,223
2013,Italy,231
2014,Italy,226
2015,Italy,227
2016,Italy,228
1990,Jamaica,106
1991,Jamaica,106
1992,Jamaica,115
1993,Jamaica,125
1994,Jamaica,125
1995,Jamaica,126
1996,Jamaica,126
1997,Jamaica,124
1998,Jamaica,122
1999,Jamaica,117
2000,Jamaica,110
2001,Jamaica,113
2002,Jamaica,117
2003,Jamaica,112
2004,Jamaica,111
2005,Jamaica,128
2006,Jamaica,112
2007,Jamaica,116
2008,Jamaica,117
2009,Jamaica,117
2010,Jamaica,117
2011,Jamaica,122
2012,Jamaica,119
2013,Jamaica,123
2014,Jamaica,110
2015,Jamaica,120
2016,Jamaica,123
1990,Japan,190
1991,Japan,187
1992,Japan,206
1993,Japan,211
1994,Japan,211
1995,Japan,212
1996,Japan,209
1997,Japan,210
1998,Japan,209
1999,Japan,211
2000,Japan,216
2001,Japan,216
2002,Japan,215
2003,Japan,214
2004,Japan,213
2005,Japan,212
2006,Japan,215
2007,Japan,213
2008,Japan,214
2009,Japan,214
2010,Japan,215
2011,Japan,213
2012,Japan,212
2013,Japan,213
2014,Japan,214
2015,Japan,214
2016,Japan,213
1990,Jordan,113
1991,Jordan,113
1992,Jordan,113
1993,Jordan,113
1994,Jordan,113
1995,Jordan,120
1996,Jordan,117
1997,Jordan,113
1998,Jordan,113
1999,Jordan,125
2000,Jordan,127
2001,Jordan,122
2002,Jordan,128
2003,Jordan,131
2004,Jordan,137
2005,Jordan,137
2006,Jordan,137
2007,Jordan,140
2008,Jordan,143
2009,Jordan,143
2010,Jordan,151
2011,Jordan,151
2012,Jordan,145
2013,Jordan,148
2014,Jordan,151
2015,Jordan,146
2016,Jordan,151
1990,Kazakhstan,116
1991,Kazakhstan,116
1992,Kazakhstan,116
1993,Kazakhstan,116
1994,Kazakhstan,116
1995,Kazakhstan,116
1996,Kazakhstan,114
1997,Kazakhstan,117
1998,Kazakhstan,116
1999,Kazakhstan,136
2000,Kazakhstan,163
2001,Kazakhstan,154
2002,Kazakhstan,138
2003,Kazakhstan,139
2004,Kazakhstan,151
2005,Kazakhstan,146
2006,Kazakhstan,164
2007,Kazakhstan,176
2008,Kazakhstan,178
2009,Kazakhstan,177
2010,Kazakhstan,181
2011,Kazakhstan,186
2012,Kazakhstan,180
2013,Kazakhstan,199
2014,Kazakhstan,194
2015,Kazakhstan,180
2016,Kazakhstan,171
1990,Kiribati,29
1991,Kiribati,29
1992,Kiribati,29
1993,Kiribati,29
1994,Kiribati,29
1995,Kiribati,29
1996,Kiribati,36
1997,Kiribati,33
1998,Kiribati,31
1999,Kiribati,35
2000,Kiribati,35
2001,Kiribati,35
2002,Kiribati,34
2003,Kiribati,34
2004,Kiribati,34
2005,Kiribati,35
2006,Kiribati,48
2007,Kiribati,36
2008,Kiribati,48
2009,Kiribati,49
2010,Kiribati,46
2011,Kiribati,46
2012,Kiribati,53
2013,Kiribati,53
2014,Kiribati,52
2015,Kiribati,57
2016,Kiribati,33
1990,"Korea, Republic of",162
1991,"Korea, Republic of",182
1992,"Korea, Republic of",187
1993,"Korea, Republic of",198
1994,"Korea, Republic of",204
1995,"Korea, Republic of",203
1996,"Korea, Republic of",201
1997,"Korea, Republic of",202
1998,"Korea, Republic of",205
1999,"Korea, Republic of",210
2000,"Korea, Republic of",223
2001,"Korea, Republic of",219
2002,"Korea, Republic of",219
2003,"Korea, Republic of",220
2004,"Korea, Republic of",223
2005,"Korea, Republic of",220
2006,"Korea, Republic of",223
2007,"Korea, Republic of",219
2008,"Korea, Republic of",220
2009,"Korea, Republic of",224
2010,"Korea, Republic of",222
2011,"Korea, Republic of",225
2012,"Korea, Republic of",225
2013,"Korea, Republic of",225
2014,"Korea, Republic of",226
2015,"Korea, Republic of",228
2016,"Korea, Republic of",228
1990,Kyrgyzstan,56
1991,Kyrgyzstan,56
1992,Kyrgyzstan,56
1993,Kyrgyzstan,56
1994,Kyrgyzstan,56
1995,Kyrgyzstan,56
1996,Kyrgyzstan,70
1997,Kyrgyzstan,74
1998,Kyrgyzstan,78
1999,Kyrgyzstan,82
2000,Kyrgyzstan,86
2001,Kyrgyzstan,91
2002,Kyrgyzstan,95
2003,Kyrgyzstan,94
2004,Kyrgyzstan,98
2005,Kyrgyzstan,98
2006,Kyrgyzstan,108
2007,Kyrgyzstan,113
2008,Kyrgyzstan,110
2009,Kyrgyzstan,112
2010,Kyrgyzstan,115
2011,Kyrgyzstan,126
2012,Kyrgyzstan,136
2013,Kyrgyzstan,128
2014,Kyrgyzstan,137
2015,Kyrgyzstan,131
2016,Kyrgyzstan,127
1990,Latvia,108
1991,Latvia,108
1992,Latvia,108
1993,Latvia,108
1994,Latvia,108
1995,Latvia,110
1996,Latvia,121
1997,Latvia,111
1998,Latvia,121
1999,Latvia,125
2000,Latvia,132
2001,Latvia,138
2002,Latvia,139
2003,Latvia,153
2004,Latvia,154
2005,Latvia,157
2006,Latvia,170
2007,Latvia,177
2008,Latvia,182
2009,Latvia,178
2010,Latvia,177
2011,Latvia,181
2012,Latvia,191
2013,Latvia,195
2014,Latvia,198
2015,Latvia,195
2016,Latvia,198
1990,Lebanon,188
1991,Lebanon,188
1992,Lebanon,188
1993,Lebanon,188
1994,Lebanon,188
1995,Lebanon,188
1996,Lebanon,188
1997,Lebanon,188
1998,Lebanon,186
1999,Lebanon,183
2000,Lebanon,192
2001,Lebanon,192
2002,Lebanon,198
2003,Lebanon,195
2004,Lebanon,186
2005,Lebanon,186
2006,Lebanon,189
2007,Lebanon,196
2008,Lebanon,200
2009,Lebanon,196
2010,Lebanon,196
2011,Lebanon,201
2012,Lebanon,200
2013,Lebanon,198
2014,Lebanon,201
2015,Lebanon,199
2016,Lebanon,197
1990,Lithuania,127
1991,Lithuania,127
1992,Lithuania,127
1993,Lithuania,127
1994,Lithuania,127
1995,Lithuania,100
1996,Lithuania,115
1997,Lithuania,114
1998,Lithuania,118
1999,Lithuania,119
2000,Lithuania,146
2001,Lithuania,155
2002,Lithuania,158
2003,Lithuania,151
2004,Lithuania,165
2005,Lithuania,168
2006,Lithuania,170
2007,Lithuania,169
2008,Lithuania,168
2009,Lithuania,171
2010,Lithuania,178
2011,Lithuania,174
2012,Lithuania,180
2013,Lithuania,186
2014,Lithuania,188
2015,Lithuania,191
2016,Lithuania,200
1990,Luxembourg,170
1991,Luxembourg,170
1992,Luxembourg,170
1993,Luxembourg,170
1994,Luxembourg,170
1995,Luxembourg,170
1996,Luxembourg,170
1997,Luxembourg,170
1998,Luxembourg,170
1999,Luxembourg,170
2000,Luxembourg,180
2001,Luxembourg,188
2002,Luxembourg,192
2003,Luxembourg,191
2004,Luxembourg,193
2005,Luxembourg,189
2006,Luxembourg,191
2007,Luxembourg,191
2008,Luxembourg,205
2009,Luxembourg,206
2010,Luxembourg,205
2011,Luxembourg,209
2012,Luxembourg,214
2013,Luxembourg,212
2014,Luxembourg,209
2015,Luxembourg,206
2016,Luxembourg,209
1990,Macao,89
1991,Macao,89
1992,Macao,85
1993,Macao,77
1994,Macao,77
1995,Macao,88
1996,Macao,90
1997,Macao,91
1998,Macao,93
1999,Macao,88
2000,Macao,98
2001,Macao,108
2002,Macao,108
2003,Macao,125
2004,Macao,143
2005,Macao,118
2006,Macao,118
2007,Macao,121
2008,Macao,116
2009,Macao,118
2010,Macao,116
2011,Macao,121
2012,Macao,124
2013,Macao,130
2014,Macao,136
2015,Macao,74
2016,Macao,129
1990,Madagascar,100
1991,Madagascar,92
1992,Madagascar,93
1993,Madagascar,101
1994,Madagascar,97
1995,Madagascar,104
1996,Madagascar,103
1997,Madagascar,106
1998,Madagascar,111
1999,Madagascar,103
2000,Madagascar,139
2001,Madagascar,151
2002,Madagascar,128
2003,Madagascar,149
2004,Madagascar,161
2005,Madagascar,150
2006,Madagascar,171
2007,Madagascar,156
2008,Madagascar,161
2009,Madagascar,139
2010,Madagascar,142
2011,Madagascar,139
2012,Madagascar,160
2013,Madagascar,156
2014,Madagascar,159
2015,Madagascar,167
2016,Madagascar,159
1990,Malawi,70
1991,Malawi,67
1992,Malawi,72
1993,Malawi,76
1994,Malawi,81
1995,Malawi,84
1996,Malawi,89
1997,Malawi,94
1998,Malawi,98
1999,Malawi,103
2000,Malawi,124
2001,Malawi,128
2002,Malawi,114
2003,Malawi,128
2004,Malawi,125
2005,Malawi,117
2006,Malawi,127
2007,Malawi,119
2008,Malawi,120
2009,Malawi,123
2010,Malawi,147
2011,Malawi,148
2012,Malawi,145
2013,Malawi,147
2014,Malawi,138
2015,Malawi,136
2016,Malawi,149
1990,Malaysia,183
1991,Malaysia,174
1992,Malaysia,182
1993,Malaysia,193
1994,Malaysia,200
1995,Malaysia,201
1996,Malaysia,205
1997,Malaysia,196
1998,Malaysia,192
1999,Malaysia,203
2000,Malaysia,210
2001,Malaysia,213
2002,Malaysia,221
2003,Malaysia,215
2004,Malaysia,218
2005,Malaysia,215
2006,Malaysia,219
2007,Malaysia,221
2008,Malaysia,223
2009,Malaysia,222
2010,Malaysia,224
2011,Malaysia,223
2012,Malaysia,226
2013,Malaysia,225
2014,Malaysia,220
2015,Malaysia,225
2016,Malaysia,217
1990,Maldives,52
1991,Maldives,52
1992,Maldives,52
1993,Maldives,52
1994,Maldives,52
1995,Maldives,52
1996,Maldives,53
1997,Maldives,59
1998,Maldives,60
1999,Maldives,58
2000,Maldives,58
2001,Maldives,53
2002,Maldives,61
2003,Maldives,70
2004,Maldives,69
2005,Maldives,73
2006,Maldives,76
2007,Maldives,78
2008,Maldives,86
2009,Maldives,83
2010,Maldives,81
2011,Maldives,91
2012,Maldives,88
2013,Maldives,92
2014,Maldives,87
2015,Maldives,95
2016,Maldives,115
1990,Malta,126
1991,Malta,126
1992,Malta,126
1993,Malta,126
1994,Malta,126
1995,Malta,114
1996,Malta,142
1997,Malta,128
1998,Malta,129
1999,Malta,121
2000,Malta,137
2001,Malta,135
2002,Malta,137
2003,Malta,141
2004,Malta,151
2005,Malta,153
2006,Malta,155
2007,Malta,146
2008,Malta,153
2009,Malta,148
2010,Malta,153
2011,Malta,161
2012,Malta,179
2013,Malta,168
2014,Malta,166
2015,Malta,169
2016,Malta,176
1990,Mauritius,106
1991,Mauritius,106
1992,Mauritius,106
1993,Mauritius,106
1994,Mauritius,111
1995,Mauritius,117
1996,Mauritius,120
1997,Mauritius,121
1998,Mauritius,130
1999,Mauritius,127
2000,Mauritius,150
2001,Mauritius,152
2002,Mauritius,154
2003,Mauritius,161
2004,Mauritius,157
2005,Mauritius,168
2006,Mauritius,164
2007,Mauritius,175
2008,Mauritius,185
2009,Mauritius,179
2010,Mauritius,172
2011,Mauritius,173
2012,Mauritius,181
2013,Mauritius,183
2014,Mauritius,179
2015,Mauritius,183
2016,Mauritius,183
1990,Mexico,159
1991,Mexico,154
1992,Mexico,143
1993,Mexico,142
1994,Mexico,166
1995,Mexico,176
1996,Mexico,168
1997,Mexico,170
1998,Mexico,178
1999,Mexico,181
2000,Mexico,188
2001,Mexico,194
2002,Mexico,186
2003,Mexico,184
2004,Mexico,204
2005,Mexico,222
2006,Mexico,222
2007,Mexico,223
2008,Mexico,223
2009,Mexico,224
2010,Mexico,224
2011,Mexico,221
2012,Mexico,223
2013,Mexico,222
2014,Mexico,221
2015,Mexico,223
2016,Mexico,223
1990,"Moldova, Republic of",70
1991,"Moldova, Republic of",70
1992,"Moldova, Republic of",70
1993,"Moldova, Republic of",70
1994,"Moldova, Republic of",70
1995,"Moldova, Republic of",74
1996,"Moldova, Republic of",101
1997,"Moldova, Republic of",72
1998,"Moldova, Republic of",99
1999,"Moldova, Republic of",94
2000,"Moldova, Republic of",113
2001,"Moldova, Republic of",124
2002,"Moldova, Republic of",128
2003,"Moldova, Republic of",119
2004,"Moldova, Republic of",117
2005,"Moldova, Republic of",141
2006,"Moldova, Republic of",159
2007,"Moldova, Republic of",153
2008,"Moldova, Republic of",157
2009,"Moldova, Republic of",156
2010,"Moldova, Republic of",160
2011,"Moldova, Republic of",161
2012,"Moldova, Republic of",165
2013,"Moldova, Republic of",164
2014,"Moldova, Republic of",167
2015,"Moldova, Republic of",165
2016,"Moldova, Republic of",166
1990,Morocco,131
1991,Morocco,131
1992,Morocco,131
1993,Morocco,131
1994,Morocco,129
1995,Morocco,130
1996,Morocco,131
1997,Morocco,132
1998,Morocco,137
1999,Morocco,142
2000,Morocco,146
2001,Morocco,151
2002,Morocco,155
2003,Morocco,163
2004,Morocco,161
2005,Morocco,168
2006,Morocco,163
2007,Morocco,165
2008,Morocco,166
2009,Morocco,165
2010,Morocco,167
2011,Morocco,167
2012,Morocco,178
2013,Morocco,179
2014,Morocco,177
2015,Morocco,186
2016,Morocco,181
1990,Mozambique,48
1991,Mozambique,48
1992,Mozambique,48
1993,Mozambique,48
1994,Mozambique,48
1995,Mozambique,51
1996,Mozambique,45
1997,Mozambique,66
1998,Mozambique,92
1999,Mozambique,117
2000,Mozambique,143
2001,Mozambique,127
2002,Mozambique,132
2003,Mozambique,129
2004,Mozambique,133
2005,Mozambique,150
2006,Mozambique,144
2007,Mozambique,156
2008,Mozambique,158
2009,Mozambique,157
2010,Mozambique,157
2011,Mozambique,161
2012,Mozambique,174
2013,Mozambique,182
2014,Mozambique,176
2015,Mozambique,182
2016,Mozambique,189
1990,Netherlands,207
1991,Netherlands,207
1992,Netherlands,207
1993,Netherlands,210
1994,Netherlands,211
1995,Netherlands,212
1996,Netherlands,206
1997,Netherlands,208
1998,Netherlands,210
1999,Netherlands,209
2000,Netherlands,216
2001,Netherlands,226
2002,Netherlands,225
2003,Netherlands,223
2004,Netherlands,224
2005,Netherlands,228
2006,Netherlands,228
2007,Netherlands,230
2008,Netherlands,228
2009,Netherlands,225
2010,Netherlands,227
2011,Netherlands,228
2012,Netherlands,229
2013,Netherlands,233
2014,Netherlands,229
2015,Netherlands,233
2016,Netherlands,235
1990,New Zealand,167
1991,New Zealand,160
1992,New Zealand,165
1993,New Zealand,184
1994,New Zealand,180
1995,New Zealand,172
1996,New Zealand,172
1997,New Zealand,179
1998,New Zealand,183
1999,New Zealand,185
2000,New Zealand,190
2001,New Zealand,195
2002,New Zealand,201
2003,New Zealand,205
2004,New Zealand,206
2005,New Zealand,210
2006,New Zealand,210
2007,New Zealand,214
2008,New Zealand,213
2009,New Zealand,217
2010,New Zealand,212
2011,New Zealand,213
2012,New Zealand,214
2013,New Zealand,214
2014,New Zealand,217
2015,New Zealand,220
2016,New Zealand,224
1990,Nicaragua,84
1991,Nicaragua,84
1992,Nicaragua,84
1993,Nicaragua,84
1994,Nicaragua,84
1995,Nicaragua,77
1996,Nicaragua,80
1997,Nicaragua,90
1998,Nicaragua,102
1999,Nicaragua,89
2000,Nicaragua,101
2001,Nicaragua,117
2002,Nicaragua,129
2003,Nicaragua,142
2004,Nicaragua,143
2005,Nicaragua,140
2006,Nicaragua,144
2007,Nicaragua,157
2008,Nicaragua,153
2009,Nicaragua,157
2010,Nicaragua,162
2011,Nicaragua,164
2012,Nicaragua,153
2013,Nicaragua,157
2014,Nicaragua,164
2015,Nicaragua,166
2016,Nicaragua,174
1990,Niger,78
1991,Niger,78
1992,Niger,78
1993,Niger,78
1994,Niger,78
1995,Niger,78
1996,Niger,80
1997,Niger,99
1998,Niger,95
1999,Niger,96
2000,Niger,108
2001,Niger,107
2002,Niger,112
2003,Niger,109
2004,Niger,114
2005,Niger,110
2006,Niger,133
2007,Niger,135
2008,Niger,135
2009,Niger,135
2010,Niger,139
2011,Niger,138
2012,Niger,145
2013,Niger,142
2014,Niger,139
2015,Niger,139
2016,Niger,138
1990,Nigeria,135
1991,Nigeria,135
1992,Nigeria,135
1993,Nigeria,135
1994,Nigeria,135
1995,Nigeria,135
1996,Nigeria,135
1997,Nigeria,140
1998,Nigeria,132
1999,Nigeria,158
2000,Nigeria,187
2001,Nigeria,199
2002,Nigeria,181
2003,Nigeria,195
2004,Nigeria,198
2005,Nigeria,200
2006,Nigeria,203
2007,Nigeria,196
2008,Nigeria,198
2009,Nigeria,171
2010,Nigeria,161
2011,Nigeria,160
2012,Nigeria,173
2013,Nigeria,188
2014,Nigeria,195
2015,Nigeria,188
2016,Nigeria,181
1990,North Macedonia,109
1991,North Macedonia,109
1992,North Macedonia,109
1993,North Macedonia,109
1994,North Macedonia,109
1995,North Macedonia,107
1996,North Macedonia,106
1997,North Macedonia,112
1998,North Macedonia,130
1999,North Macedonia,119
2000,North Macedonia,141
2001,North Macedonia,142
2002,North Macedonia,145
2003,North Macedonia,145
2004,North Macedonia,159
2005,North Macedonia,155
2006,North Macedonia,170
2007,North Macedonia,172
2008,North Macedonia,173
2009,North Macedonia,172
2010,North Macedonia,171
2011,North Macedonia,172
2012,North Macedonia,171
2013,North Macedonia,169
2014,North Macedonia,169
2015,North Macedonia,171
2016,North Macedonia,175
1990,Norway,192
1991,Norway,192
1992,Norway,192
1993,Norway,192
1994,Norway,200
1995,Norway,197
1996,Norway,199
1997,Norway,199
1998,Norway,195
1999,Norway,195
2000,Norway,203
2001,Norway,203
2002,Norway,197
2003,Norway,195
2004,Norway,194
2005,Norway,196
2006,Norway,195
2007,Norway,199
2008,Norway,202
2009,Norway,206
2010,Norway,204
2011,Norway,204
2012,Norway,207
2013,Norway,210
2014,Norway,206
2015,Norway,212
2016,Norway,210
1990,Oman,87
1991,Oman,86
1992,Oman,88
1993,Oman,92
1994,Oman,95
1995,Oman,100
1996,Oman,105
1997,Oman,120
1998,Oman,123
1999,Oman,124
2000,Oman,130
2001,Oman,142
2002,Oman,123
2003,Oman,115
2004,Oman,126
2005,Oman,129
2006,Oman,135
2007,Oman,138
2008,Oman,152
2009,Oman,144
2010,Oman,153
2011,Oman,157
2012,Oman,144
2013,Oman,151
2014,Oman,141
2015,Oman,158
2016,Oman,152
1990,Panama,88
1991,Panama,88
1992,Panama,88
1993,Panama,88
1994,Panama,88
1995,Panama,88
1996,Panama,93
1997,Panama,78
1998,Panama,84
1999,Panama,90
2000,Panama,88
2001,Panama,88
2002,Panama,84
2003,Panama,82
2004,Panama,87
2005,Panama,84
2006,Panama,108
2007,Panama,112
2008,Panama,110
2009,Panama,113
2010,Panama,124
2011,Panama,120
2012,Panama,107
2013,Panama,109
2014,Panama,112
2015,Panama,108
2016,Panama,123
1990,Paraguay,70
1991,Paraguay,72
1992,Paraguay,73
1993,Paraguay,71
1994,Paraguay,79
1995,Paraguay,78
1996,Paraguay,82
1997,Paraguay,76
1998,Paraguay,77
1999,Paraguay,76
2000,Paraguay,82
2001,Paraguay,86
2002,Paraguay,86
2003,Paraguay,108
2004,Paraguay,114
2005,Paraguay,111
2006,Paraguay,113
2007,Paraguay,124
2008,Paraguay,123
2009,Paraguay,123
2010,Paraguay,126
2011,Paraguay,124
2012,Paraguay,124
2013,Paraguay,133
2014,Paraguay,138
2015,Paraguay,141
2016,Paraguay,140
1990,Peru,119
1991,Peru,119
1992,Peru,119
1993,Peru,125
1994,Peru,131
1995,Peru,138
1996,Peru,134
1997,Peru,138
1998,Peru,130
1999,Peru,140
2000,Peru,156
2001,Peru,166
2002,Peru,168
2003,Peru,165
2004,Peru,172
2005,Peru,177
2006,Peru,176
2007,Peru,183
2008,Peru,193
2009,Peru,185
2010,Peru,188
2011,Peru,195
2012,Peru,186
2013,Peru,193
2014,Peru,195
2015,Peru,195
2016,Peru,199
1990,Philippines,157
1991,Philippines,157
1992,Philippines,157
1993,Philippines,157
1994,Philippines,157
1995,Philippines,157
1996,Philippines,157
1997,Philippines,161
1998,Philippines,169
1999,Philippines,167
2000,Philippines,176
2001,Philippines,190
2002,Philippines,200
2003,Philippines,204
2004,Philippines,200
2005,Philippines,180
2006,Philippines,191
2007,Philippines,187
2008,Philippines,184
2009,Philippines,178
2010,Philippines,195
2011,Philippines,207
2012,Philippines,201
2013,Philippines,206
2014,Philippines,208
2015,Philippines,205
2016,Philippines,206
1990,Poland,161
1991,Poland,161
1992,Poland,161
1993,Poland,161
1994,Poland,161
1995,Poland,164
1996,Poland,158
1997,Poland,168
1998,Poland,163
1999,Poland,153
2000,Poland,168
2001,Poland,172
2002,Poland,175
2003,Poland,180
2004,Poland,227
2005,Poland,225
2006,Poland,226
2007,Poland,229
2008,Poland,223
2009,Poland,225
2010,Poland,227
2011,Poland,230
2012,Poland,227
2013,Poland,227
2014,Poland,229
2015,Poland,229
2016,Poland,228
1990,Portugal,175
1991,Portugal,174
1992,Portugal,192
1993,Portugal,189
1994,Portugal,193
1995,Portugal,196
1996,Portugal,192
1997,Portugal,198
1998,Portugal,191
1999,Portugal,191
2000,Portugal,210
2001,Portugal,218
2002,Portugal,218
2003,Portugal,214
2004,Portugal,217
2005,Portugal,213
2006,Portugal,220
2007,Portugal,206
2008,Portugal,207
2009,Portugal,201
2010,Portugal,203
2011,Portugal,208
2012,Portugal,206
2013,Portugal,207
2014,Portugal,206
2015,Portugal,206
2016,Portugal,214
1990,Romania,113
1991,Romania,108
1992,Romania,144
1993,Romania,153
1994,Romania,156
1995,Romania,156
1996,Romania,166
1997,Romania,164
1998,Romania,164
1999,Romania,170
2000,Romania,170
2001,Romania,174
2002,Romania,177
2003,Romania,178
2004,Romania,194
2005,Romania,202
2006,Romania,202
2007,Romania,180
2008,Romania,189
2009,Romania,190
2010,Romania,188
2011,Romania,193
2012,Romania,191
2013,Romania,195
2014,Romania,196
2015,Romania,198
2016,Romania,202
1990,Russian Federation,180
1991,Russian Federation,180
1992,Russian Federation,180
1993,Russian Federation,180
1994,Russian Federation,180
1995,Russian Federation,180
1996,Russian Federation,180
1997,Russian Federation,176
1998,Russian Federation,169
1999,Russian Federation,167
2000,Russian Federation,179
2001,Russian Federation,189
2002,Russian Federation,191
2003,Russian Federation,198
2004,Russian Federation,191
2005,Russian Federation,187
2006,Russian Federation,198
2007,Russian Federation,202
2008,Russian Federation,204
2009,Russian Federation,198
2010,Russian Federation,199
2011,Russian Federation,205
2012,Russian Federation,217
2013,Russian Federation,210
2014,Russian Federation,219
2015,Russian Federation,218
2016,Russian Federation,220
1990,Rwanda,102
1991,Rwanda,102
1992,Rwanda,102
1993,Rwanda,102
1994,Rwanda,102
1995,Rwanda,102
1996,Rwanda,102
1997,Rwanda,108
1998,Rwanda,112
1999,Rwanda,101
2000,Rwanda,104
2001,Rwanda,107
2002,Rwanda,111
2003,Rwanda,111
2004,Rwanda,125
2005,Rwanda,121
2006,Rwanda,133
2007,Rwanda,136
2008,Rwanda,136
2009,Rwanda,169
2010,Rwanda,178
2011,Rwanda,155
2012,Rwanda,164
2013,Rwanda,156
2014,Rwanda,165
2015,Rwanda,160
2016,Rwanda,160
1990,Saint Kitts and Nevis,78
1991,Saint Kitts and Nevis,78
1992,Saint Kitts and Nevis,78
1993,Saint Kitts and Nevis,78
1994,Saint Kitts and Nevis,80
1995,Saint Kitts and Nevis,78
1996,Saint Kitts and Nevis,83
1997,Saint Kitts and Nevis,90
1998,Saint Kitts and Nevis,87
1999,Saint Kitts and Nevis,84
2000,Saint Kitts and Nevis,106
2001,Saint Kitts and Nevis,101
2002,Saint Kitts and Nevis,97
2003,Saint Kitts and Nevis,108
2004,Saint Kitts and Nevis,103
2005,Saint Kitts and Nevis,100
2006,Saint Kitts and Nevis,103
2007,Saint Kitts and Nevis,108
2008,Saint Kitts and Nevis,112
2009,Saint Kitts and Nevis,129
2010,Saint Kitts and Nevis,126
2011,Saint Kitts and Nevis,131
2012,Saint Kitts and Nevis,127
2013,Saint Kitts and Nevis,123
2014,Saint Kitts and Nevis,133
2015,Saint Kitts and Nevis,142
2016,Saint Kitts and Nevis,126
1990,Saint Lucia,95
1991,Saint Lucia,95
1992,Saint Lucia,95
1993,Saint Lucia,94
1994,Saint Lucia,91
1995,Saint Lucia,95
1996,Saint Lucia,95
1997,Saint Lucia,102
1998,Saint Lucia,92
1999,Saint Lucia,104
2000,Saint Lucia,114
2001,Saint Lucia,114
2002,Saint Lucia,114
2003,Saint Lucia,112
2004,Saint Lucia,122
2005,Saint Lucia,126
2006,Saint Lucia,131
2007,Saint Lucia,114
2008,Saint Lucia,109
2009,Saint Lucia,114
2010,Saint Lucia,106
2011,Saint Lucia,102
2012,Saint Lucia,102
2013,Saint Lucia,100
2014,Saint Lucia,104
2015,Saint Lucia,104
2016,Saint Lucia,108
1990,Saint Vincent and the Grenadines,83
1991,Saint Vincent and the Grenadines,83
1992,Saint Vincent and the Grenadines,83
1993,Saint Vincent and the Grenadines,83
1994,Saint Vincent and the Grenadines,91
1995,Saint Vincent and the Grenadines,79
1996,Saint Vincent and the Grenadines,85
1997,Saint Vincent and the Grenadines,91
1998,Saint Vincent and the Grenadines,79
1999,Saint Vincent and the Grenadines,85
2000,Saint Vincent and the Grenadines,98
2001,Saint Vincent and the Grenadines,100
2002,Saint Vincent and the Grenadines,108
2003,Saint Vincent and the Grenadines,104
2004,Saint Vincent and the Grenadines,115
2005,Saint Vincent and the Grenadines,121
2006,Saint Vincent and the Grenadines,118
2007,Saint Vincent and the Grenadines,153
2008,Saint Vincent and the Grenadines,166
2009,Saint Vincent and the Grenadines,186
2010,Saint Vincent and the Grenadines,164
2011,Saint Vincent and the Grenadines,153
2012,Saint Vincent and the Grenadines,153
2013,Saint Vincent and the Grenadines,151
2014,Saint Vincent and the Grenadines,143
2015,Saint Vincent and the Grenadines,141
2016,Saint Vincent and the Grenadines,139
1990,Sao Tome and Principe,28
1991,Sao Tome and Principe,28
1992,Sao Tome and Principe,28
1993,Sao Tome and Principe,28
1994,Sao Tome and Principe,28
1995,Sao Tome and Principe,28
1996,Sao Tome and Principe,28
1997,Sao Tome and Principe,28
1998,Sao Tome and Principe,28
1999,Sao Tome and Principe,28
2000,Sao Tome and Principe,31
2001,Sao Tome and Principe,31
2002,Sao Tome and Principe,23
2003,Sao Tome and Principe,41
2004,Sao Tome and Principe,44
2005,Sao Tome and Principe,48
2006,Sao Tome and Principe,50
2007,Sao Tome and Principe,43
2008,Sao Tome and Principe,44
2009,Sao Tome and Principe,49
2010,Sao Tome and Principe,54
2011,Sao Tome and Principe,53
2012,Sao Tome and Principe,52
2013,Sao Tome and Principe,57
2014,Sao Tome and Principe,63
2015,Sao Tome and Principe,56
2016,Sao Tome and Principe,63
1990,Saudi Arabia,127
1991,Saudi Arabia,127
1992,Saudi Arabia,147
1993,Saudi Arabia,150
1994,Saudi Arabia,150
1995,Saudi Arabia,155
1996,Saudi Arabia,159
1997,Saudi Arabia,163
1998,Saudi Arabia,166
1999,Saudi Arabia,169
2000,Saudi Arabia,140
2001,Saudi Arabia,145
2002,Saudi Arabia,126
2003,Saudi Arabia,147
2004,Saudi Arabia,140
2005,Saudi Arabia,150
2006,Saudi Arabia,155
2007,Saudi Arabia,171
2008,Saudi Arabia,177
2009,Saudi Arabia,167
2010,Saudi Arabia,171
2011,Saudi Arabia,170
2012,Saudi Arabia,180
2013,Saudi Arabia,181
2014,Saudi Arabia,180
2015,Saudi Arabia,216
2016,Saudi Arabia,173
1990,Senegal,115
1991,Senegal,115
1992,Senegal,115
1993,Senegal,115
1994,Senegal,115
1995,Senegal,115
1996,Senegal,115
1997,Senegal,111
1998,Senegal,116
1999,Senegal,117
2000,Senegal,125
2001,Senegal,127
2002,Senegal,125
2003,Senegal,131
2004,Senegal,138
2005,Senegal,139
2006,Senegal,136
2007,Senegal,135
2008,Senegal,141
2009,Senegal,141
2010,Senegal,148
2011,Senegal,153
2012,Senegal,160
2013,Senegal,158
2014,Senegal,152
2015,Senegal,155
2016,Senegal,159
1990,Serbia,115
1991,Serbia,115
1992,Serbia,115
1993,Serbia,128
1994,Serbia,140
1995,Serbia,153
1996,Serbia,165
1997,Serbia,158
1998,Serbia,167
1999,Serbia,151
2000,Serbia,164
2001,Serbia,185
2002,Serbia,191
2003,Serbia,198
2004,Serbia,204
2005,Serbia,194
2006,Serbia,194
2007,Serbia,191
2008,Serbia,197
2009,Serbia,190
2010,Serbia,190
2011,Serbia,193
2012,Serbia,197
2013,Serbia,191
2014,Serbia,195
2015,Serbia,200
2016,Serbia,199
1990,Seychelles,60
1991,Seychelles,60
1992,Seychelles,60
1993,Seychelles,60
1994,Seychelles,60
1995,Seychelles,66
1996,Seychelles,65
1997,Seychelles,65
1998,Seychelles,63
1999,Seychelles,67
2000,Seychelles,72
2001,Seychelles,76
2002,Seychelles,85
2003,Seychelles,79
2004,Seychelles,101
2005,Seychelles,107
2006,Seychelles,100
2007,Seychelles,106
2008,Seychelles,160
2009,Seychelles,192
2010,Seychelles,224
2011,Seychelles,225
2012,Seychelles,152
2013,Seychelles,165
2014,Seychelles,155
2015,Seychelles,161
2016,Seychelles,171
1990,Singapore,118
1991,Singapore,115
1992,Singapore,118
1993,Singapore,117
1994,Singapore,119
1995,Singapore,139
1996,Singapore,137
1997,Singapore,137
1998,Singapore,138
1999,Singapore,209
2000,Singapore,216
2001,Singapore,212
2002,Singapore,211
2003,Singapore,141
2004,Singapore,140
2005,Singapore,142
2006,Singapore,141
2007,Singapore,146
2008,Singapore,147
2009,Singapore,148
2010,Singapore,149
2011,Singapore,199
2012,Singapore,218
2013,Singapore,219
2014,Singapore,224
2015,Singapore,224
2016,Singapore,224
1990,Slovakia,167
1991,Slovakia,167
1992,Slovakia,167
1993,Slovakia,167
1994,Slovakia,167
1995,Slovakia,172
1996,Slovakia,169
1997,Slovakia,162
1998,Slovakia,164
1999,Slovakia,159
2000,Slovakia,186
2001,Slovakia,190
2002,Slovakia,200
2003,Slovakia,191
2004,Slovakia,214
2005,Slovakia,215
2006,Slovakia,219
2007,Slovakia,212
2008,Slovakia,223
2009,Slovakia,215
2010,Slovakia,216
2011,Slovakia,219
2012,Slovakia,212
2013,Slovakia,224
2014,Slovakia,220
2015,Slovakia,225
2016,Slovakia,228
1990,Slovenia,169
1991,Slovenia,169
1992,Slovenia,169
1993,Slovenia,169
1994,Slovenia,169
1995,Slovenia,162
1996,Slovenia,182
1997,Slovenia,178
1998,Slovenia,177
1999,Slovenia,179
2000,Slovenia,195
2001,Slovenia,206
2002,Slovenia,209
2003,Slovenia,205
2004,Slovenia,221
2005,Slovenia,216
2006,Slovenia,215
2007,Slovenia,215
2008,Slovenia,220
2009,Slovenia,212
2010,Slovenia,213
2011,Slovenia,217
2012,Slovenia,221
2013,Slovenia,216
2014,Slovenia,223
2015,Slovenia,229
2016,Slovenia,223
1990,South Africa,167
1991,South Africa,167
1992,South Africa,167
1993,South Africa,179
1994,South Africa,187
1995,South Africa,196
1996,South Africa,199
1997,South Africa,202
1998,South Africa,198
1999,South Africa,203
2000,South Africa,214
2001,South Africa,218
2002,South Africa,217
2003,South Africa,216
2004,South Africa,219
2005,South Africa,219
2006,South Africa,223
2007,South Africa,224
2008,South Africa,225
2009,South Africa,220
2010,South Africa,227
2011,South Africa,228
2012,South Africa,224
2013,South Africa,227
2014,South Africa,227
2015,South Africa,229
2016,South Africa,227
1990,Spain,183
1991,Spain,179
1992,Spain,199
1993,Spain,195
1994,Spain,197
1995,Spain,203
1996,Spain,196
1997,Spain,203
1998,Spain,200
1999,Spain,204
2000,Spain,208
2001,Spain,216
2002,Spain,218
2003,Spain,220
2004,Spain,219
2005,Spain,217
2006,Spain,219
2007,Spain,221
2008,Spain,224
2009,Spain,218
2010,Spain,223
2011,Spain,229
2012,Spain,226
2013,Spain,227
2014,Spain,226
2015,Spain,229
2016,Spain,230
1990,Sri Lanka,132
1991,Sri Lanka,127
1992,Sri Lanka,125
1993,Sri Lanka,149
1994,Sri Lanka,148
1995,Sri Lanka,153
1996,Sri Lanka,158
1997,Sri Lanka,163
1998,Sri Lanka,168
1999,Sri Lanka,173
2000,Sri Lanka,183
2001,Sri Lanka,182
2002,Sri Lanka,186
2003,Sri Lanka,187
2004,Sri Lanka,185
2005,Sri Lanka,187
2006,Sri Lanka,189
2007,Sri Lanka,183
2008,Sri Lanka,190
2009,Sri Lanka,196
2010,Sri Lanka,206
2011,Sri Lanka,204
2012,Sri Lanka,201
2013,Sri Lanka,192
2014,Sri Lanka,193
2015,Sri Lanka,199
2016,Sri Lanka,198
1990,Suriname,48
1991,Suriname,48
1992,Suriname,48
1993,Suriname,48
1994,Suriname,48
1995,Suriname,71
1996,Suriname,59
1997,Suriname,65
1998,Suriname,72
1999,Suriname,78
2000,Suriname,79
2001,Suriname,90
2002,Suriname,87
2003,Suriname,89
2004,Suriname,100
2005,Suriname,93
2006,Suriname,98
2007,Suriname,95
2008,Suriname,101
2009,Suriname,100
2010,Suriname,102
2011,Suriname,101
2012,Suriname,107
2013,Suriname,110
2014,Suriname,107
2015,Suriname,103
2016,Suriname,106
1990,Sweden,190
1991,Sweden,190
1992,Sweden,190
1993,Sweden,193
1994,Sweden,196
1995,Sweden,204
1996,Sweden,202
1997,Sweden,202
1998,Sweden,201
1999,Sweden,202
2000,Sweden,210
2001,Sweden,211
2002,Sweden,212
2003,Sweden,211
2004,Sweden,218
2005,Sweden,215
2006,Sweden,217
2007,Sweden,224
2008,Sweden,221
2009,Sweden,224
2010,Sweden,222
2011,Sweden,224
2012,Sweden,216
2013,Sweden,224
2014,Sweden,224
2015,Sweden,222
2016,Sweden,232
1990,Switzerland,182
1991,Switzerland,180
1992,Switzerland,196
1993,Switzerland,198
1994,Switzerland,199
1995,Switzerland,199
1996,Switzerland,196
1997,Switzerland,200
1998,Switzerland,202
1999,Switzerland,209
2000,Switzerland,224
2001,Switzerland,226
2002,Switzerland,223
2003,Switzerland,223
2004,Switzerland,225
2005,Switzerland,223
2006,Switzerland,224
2007,Switzerland,224
2008,Switzerland,226
2009,Switzerland,222
2010,Switzerland,223
2011,Switzerland,224
2012,Switzerland,225
2013,Switzerland,228
2014,Switzerland,226
2015,Switzerland,225
2016,Switzerland,223
1990,"Taiwan, Province of China",184
1991,"Taiwan, Province of China",184
1992,"Taiwan, Province of China",184
1993,"Taiwan, Province of China",184
1994,"Taiwan, Province of China",184
1995,"Taiwan, Province of China",184
1996,"Taiwan, Province of China",184
1997,"Taiwan, Province of China",184
1998,"Taiwan, Province of China",183
1999,"Taiwan, Province of China",185
2000,"Taiwan, Province of China",216
2001,"Taiwan, Province of China",217
2002,"Taiwan, Province of China",213
2003,"Taiwan, Province of China",193
2004,"Taiwan, Province of China",220
2005,"Taiwan, Province of China",216
2006,"Taiwan, Province of China",219
2007,"Taiwan, Province of China",224
2008,"Taiwan, Province of China",222
2009,"Taiwan, Province of China",223
2010,"Taiwan, Province of China",222
2011,"Taiwan, Province of China",223
2012,"Taiwan, Province of China",222
2013,"Taiwan, Province of China",223
2014,"Taiwan, Province of China",224
2015,"Taiwan, Province of China",216
2016,"Taiwan, Province of China",221
1990,"Tanzania, United Republic of",139
1991,"Tanzania, United Republic of",139
1992,"Tanzania, United Republic of",139
1993,"Tanzania, United Republic of",139
1994,"Tanzania, United Republic of",139
1995,"Tanzania, United Republic of",139
1996,"Tanzania, United Republic of",142
1997,"Tanzania, United Republic of",159
1998,"Tanzania, United Republic of",143
1999,"Tanzania, United Republic of",138
2000,"Tanzania, United Republic of",157
2001,"Tanzania, United Republic of",164
2002,"Tanzania, United Republic of",171
2003,"Tanzania, United Republic of",166
2004,"Tanzania, United Republic of",163
2005,"Tanzania, United Republic of",168
2006,"Tanzania, United Republic of",163
2007,"Tanzania, United Republic of",167
2008,"Tanzania, United Republic of",180
2009,"Tanzania, United Republic of",182
2010,"Tanzania, United Republic of",177
2011,"Tanzania, United Republic of",174
2012,"Tanzania, United Republic of",173
2013,"Tanzania, United Republic of",173
2014,"Tanzania, United Republic of",190
2015,"Tanzania, United Republic of",187
2016,"Tanzania, United Republic of",181
1990,Thailand,163
1991,Thailand,169
1992,Thailand,174
1993,Thailand,192
1994,Thailand,195
1995,Thailand,201
1996,Thailand,197
1997,Thailand,194
1998,Thailand,199
1999,Thailand,205
2000,Thailand,221
2001,Thailand,221
2002,Thailand,218
2003,Thailand,218
2004,Thailand,221
2005,Thailand,215
2006,Thailand,219
2007,Thailand,222
2008,Thailand,222
2009,Thailand,224
2010,Thailand,222
2011,Thailand,226
2012,Thailand,226
2013,Thailand,230
2014,Thailand,230
2015,Thailand,228
2016,Thailand,232
1990,Togo,109
1991,Togo,109
1992,Togo,109
1993,Togo,109
1994,Togo,109
1995,Togo,121
1996,Togo,123
1997,Togo,123
1998,Togo,116
1999,Togo,129
2000,Togo,119
2001,Togo,137
2002,Togo,153
2003,Togo,154
2004,Togo,133
2005,Togo,129
2006,Togo,134
2007,Togo,138
2008,Togo,139
2009,Togo,122
2010,Togo,119
2011,Togo,125
2012,Togo,123
2013,Togo,122
2014,Togo,119
2015,Togo,125
2016,Togo,133
1990,Trinidad and Tobago,106
1991,Trinidad and Tobago,106
1992,Trinidad and Tobago,114
1993,Trinidad and Tobago,113
1994,Trinidad and Tobago,109
1995,Trinidad and Tobago,115
1996,Trinidad and Tobago,112
1997,Trinidad and Tobago,110
1998,Trinidad and Tobago,129
1999,Trinidad and Tobago,129
2000,Trinidad and Tobago,139
2001,Trinidad and Tobago,136
2002,Trinidad and Tobago,147
2003,Trinidad and Tobago,155
2004,Trinidad and Tobago,144
2005,Trinidad and Tobago,150
2006,Trinidad and Tobago,159
2007,Trinidad and Tobago,168
2008,Trinidad and Tobago,164
2009,Trinidad and Tobago,165
2010,Trinidad and Tobago,164
2011,Trinidad and Tobago,170
2012,Trinidad and Tobago,174
2013,Trinidad and Tobago,174
2014,Trinidad and Tobago,182
2015,Trinidad and Tobago,176
2016,Trinidad and Tobago,176
1990,Tunisia,122
1991,Tunisia,122
1992,Tunisia,121
1993,Tunisia,127
1994,Tunisia,131
1995,Tunisia,139
1996,Tunisia,138
1997,Tunisia,143
1998,Tunisia,139
1999,Tunisia,148
2000,Tunisia,157
2001,Tunisia,167
2002,Tunisia,169
2003,Tunisia,171
2004,Tunisia,171
2005,Tunisia,169
2006,Tunisia,171
2007,Tunisia,174
2008,Tunisia,172
2009,Tunisia,162
2010,Tunisia,179
2011,Tunisia,165
2012,Tunisia,169
2013,Tunisia,170
2014,Tunisia,177
2015,Tunisia,172
2016,Tunisia,171
1990,Turkey,134
1991,Turkey,139
1992,Turkey,168
1993,Turkey,173
1994,Turkey,170
1995,Turkey,172
1996,Turkey,167
1997,Turkey,164
1998,Turkey,178
1999,Turkey,181
2000,Turkey,186
2001,Turkey,193
2002,Turkey,207
2003,Turkey,208
2004,Turkey,211
2005,Turkey,205
2006,Turkey,210
2007,Turkey,211
2008,Turkey,212
2009,Turkey,217
2010,Turkey,216
2011,Turkey,216
2012,Turkey,219
2013,Turkey,219
2014,Turkey,218
2015,Turkey,217
2016,Turkey,220
1990,Uganda,137
1991,Uganda,137
1992,Uganda,137
1993,Uganda,137
1994,Uganda,137
1995,Uganda,161
1996,Uganda,132
1997,Uganda,129
1998,Uganda,143
1999,Uganda,118
2000,Uganda,133
2001,Uganda,135
2002,Uganda,138
2003,Uganda,141
2004,Uganda,140
2005,Uganda,140
2006,Uganda,153
2007,Uganda,147
2008,Uganda,157
2009,Uganda,164
2010,Uganda,149
2011,Uganda,154
2012,Uganda,160
2013,Uganda,154
2014,Uganda,162
2015,Uganda,153
2016,Uganda,163
1990,Ukraine,155
1991,Ukraine,155
1992,Ukraine,155
1993,Ukraine,155
1994,Ukraine,155
1995,Ukraine,155
1996,Ukraine,155
1997,Ukraine,164
1998,Ukraine,160
1999,Ukraine,157
2000,Ukraine,173
2001,Ukraine,172
2002,Ukraine,182
2003,Ukraine,181
2004,Ukraine,171
2005,Ukraine,185
2006,Ukraine,193
2007,Ukraine,193
2008,Ukraine,199
2009,Ukraine,185
2010,Ukraine,194
2011,Ukraine,201
2012,Ukraine,200
2013,Ukraine,210
2014,Ukraine,198
2015,Ukraine,194
2016,Ukraine,201
1990,United Arab Emirates,112
1991,United Arab Emirates,112
1992,United Arab Emirates,110
1993,United Arab Emirates,136
1994,United Arab Emirates,141
1995,United Arab Emirates,146
1996,United Arab Emirates,150
1997,United Arab Emirates,155
1998,United Arab Emirates,160
1999,United Arab Emirates,165
2000,United Arab Emirates,184
2001,United Arab Emirates,177
2002,United Arab Emirates,183
2003,United Arab Emirates,185
2004,United Arab Emirates,197
2005,United Arab Emirates,183
2006,United Arab Emirates,182
2007,United Arab Emirates,181
2008,United Arab Emirates,184
2009,United Arab Emirates,196
2010,United Arab Emirates,199
2011,United Arab Emirates,202
2012,United Arab Emirates,209
2013,United Arab Emirates,205
2014,United Arab Emirates,206
2015,United Arab Emirates,207
2016,United Arab Emirates,208
1990,United Kingdom,211
1991,United Kingdom,211
1992,United Kingdom,211
1993,United Kingdom,211
1994,United Kingdom,213
1995,United Kingdom,215
1996,United Kingdom,211
1997,United Kingdom,209
1998,United Kingdom,209
1999,United Kingdom,211
2000,United Kingdom,217
2001,United Kingdom,228
2002,United Kingdom,229
2003,United Kingdom,227
2004,United Kingdom,226
2005,United Kingdom,226
2006,United Kingdom,228
2007,United Kingdom,227
2008,United Kingdom,229
2009,United Kingdom,229
2010,United Kingdom,229
2011,United Kingdom,228
2012,United Kingdom,224
2013,United Kingdom,230
2014,United Kingdom,230
2015,United Kingdom,231
2016,United Kingdom,230
1990,United States,192
1991,United States,192
1992,United States,211
1993,United States,214
1994,United States,215
1995,United States,216
1996,United States,211
1997,United States,210
1998,United States,210
1999,United States,211
2000,United States,222
2001,United States,221
2002,United States,222
2003,United States,222
2004,United States,223
2005,United States,222
2006,United States,223
2007,United States,224
2008,United States,224
2009,United States,224
2010,United States,223
2011,United States,225
2012,United States,226
2013,United States,225
2014,United States,225
2015,United States,224
2016,United States,225
1990,Uruguay,102
1991,Uruguay,102
1992,Uruguay,102
1993,Uruguay,102
1994,Uruguay,102
1995,Uruguay,110
1996,Uruguay,116
1997,Uruguay,116
1998,Uruguay,125
1999,Uruguay,119
2000,Uruguay,128
2001,Uruguay,124
2002,Uruguay,139
2003,Uruguay,137
2004,Uruguay,145
2005,Uruguay,149
2006,Uruguay,154
2007,Uruguay,164
2008,Uruguay,169
2009,Uruguay,169
2010,Uruguay,166
2011,Uruguay,168
2012,Uruguay,165
2013,Uruguay,163
2014,Uruguay,164
2015,Uruguay,154
2016,Uruguay,156
1990,"Venezuela, Bolivarian Republic of",109
1991,"Venezuela, Bolivarian Republic of",109
1992,"Venezuela, Bolivarian Republic of",109
1993,"Venezuela, Bolivarian Republic of",109
1994,"Venezuela, Bolivarian Republic of",109
1995,"Venezuela, Bolivarian Republic of",112
1996,"Venezuela, Bolivarian Republic of",107
1997,"Venezuela, Bolivarian Republic of",116
1998,"Venezuela, Bolivarian Republic of",122
1999,"Venezuela, Bolivarian Republic of",125
2000,"Venezuela, Bolivarian Republic of",127
2001,"Venezuela, Bolivarian Republic of",138
2002,"Venezuela, Bolivarian Republic of",140
2003,"Venezuela, Bolivarian Republic of",130
2004,"Venezuela, Bolivarian Republic of",134
2005,"Venezuela, Bolivarian Republic of",148
2006,"Venezuela, Bolivarian Republic of",135
2007,"Venezuela, Bolivarian Republic of",153
2008,"Venezuela, Bolivarian Republic of",170
2009,"Venezuela, Bolivarian Republic of",175
2010,"Venezuela, Bolivarian Republic of",175
2011,"Venezuela, Bolivarian Republic of",176
2012,"Venezuela, Bolivarian Republic of",175
2013,"Venezuela, Bolivarian Republic of",170
2014,"Venezuela, Bolivarian Republic of",170
2015,"Venezuela, Bolivarian Republic of",170
2016,"Venezuela, Bolivarian Republic of",170
1990,Zambia,106
1991,Zambia,106
1992,Zambia,106
1993,Zambia,106
1994,Zambia,106
1995,Zambia,106
1996,Zambia,94
1997,Zambia,108
1998,Zambia,111
1999,Zambia,121
2000,Zambia,135
2001,Zambia,132
2002,Zambia,123
2003,Zambia,117
2004,Zambia,125
2005,Zambia,120
2006,Zambia,120
2007,Zambia,128
2008,Zambia,138
2009,Zambia,137
2010,Zambia,140
2011,Zambia,139
2012,Zambia,163
2013,Zambia,170
2014,Zambia,160
2015,Zambia,168
2016,Zambia,168
